USE ETRS;

INSERT INTO `passage_set` (`id`, `creation_time`) VALUES
(1, '2015-02-17 07:25:45'),
(2, '2015-02-17 07:25:45'),
(3, '2015-02-17 07:25:45'),
(4, '2015-02-17 07:25:45'),
(5, '2015-02-17 07:25:45'),
(6, '2015-02-17 07:25:51');

INSERT INTO `passage` (`id`, `content`, `set_id`, `creation_time`) VALUES
(1, 'An object remains in a state of rest or of uniform <a href=''javascript:ref(1)''>motion</a> in a straight line unless compelled to change that state by an applied force. In other words, all objects resist a change in their state of motion. In a <a href=''javascript:ref(2)''>qualitative</a> way, the tendency of undisturbed objects to stay at rest or to keep moving with the same <a href=''javascript:ref(3)''>velocity</a> is called inertia. This is why, the <a href=''javascript:ref(4)''>first law of motion</a> is also known as the law of <a href=''javascript:ref(5)''>inertia</a>. Certain experiences that we come across while travelling in a motorcar can be explained on the basis of the law of inertia. We tend to remain at rest with respect to the seat until the driver applies a braking force to stop the motorcar. With the application of brakes, the car slows down but our body tends to continue in the same state of motion because of its inertia. A sudden application of brakes may thus cause injury to us by impact or <a href=''javascript:ref(6)''>collision</a> with the panels in front.', 1, '2015-02-17 07:27:17'),
(1, 'A <a href=''javascript:ref(14)''>wave</a> is a disturbance that moves through a <a href=''javascript:ref(15)''>medium</a> when the particles of the medium set neighbouring particles into motion. They in turn produce similar motion in others. The particles of the medium do not move forward themselves, but the disturbance is carried forward. This is what happens during <a href=''javascript:ref(16)''>propagation</a> of sound in a medium, hence sound can be visualised as a wave. Sound waves are characterised by the motion of particles in the medium and are called <a href=''javascript:ref(17)''>mechanical waves</a>. Air is the most common medium through which sound travels. When a <a href=''javascript:ref(18)''>vibrating</a> object moves forward, it pushes and compresses the air in front of it creating a region of high pressure. This region is called <a href=''javascript:ref(19)''>a compression</a>. This compression starts to move away from the vibrating object. When the vibrating object moves backwards, it creates a region of low pressure called <a href=''javascript:ref()''>rarefaction</a>. As the object moves back and forth rapidly, a series of compressions and rarefactions is created in the air. These make the sound wave that propagates through the medium.', 2, '2015-02-17 07:36:51'),
(1, 'Different species of <a href=''javascript:ref(27)''>microbes</a> seem to have evolved to home in on different parts of the body.  In part, this selection is connected to their point of entry. If they enter from the air via the nose, they are likely to go to the lungs. This is seen in the bacteria causing <a href=''javascript:ref(28)''>tuberculosis</a>. If they enter through the mouth, they can stay in the gut lining like <a href=''javascript:ref(29)''>typhoid</a> causing bacteria. Or they can go to the liver, like the viruses that cause <a href=''javascript:ref(30)''>jaundice</a>. But this needn’t always be the case. An infection like HIV that comes into the body via the sexual organs will spread to <a href=''javascript:ref(31)''>lymph nodes</a> all over the body. <a href=''javascript:ref(32)''>Malaria</a> causing microbes, entering through a mosquito bite, will go to the liver, and then to the red blood cells. The virus causing Japanese <a href=''javascript:ref(33)''>encephalitis</a>, or brain fever, will similarly enter through a mosquito bite. But it goes on to infect the brain.', 3, '2015-02-17 07:46:12'),
(1, 'An object remains in a state of rest or of uniform motion in a straight line unless compelled to change that state by an applied force. In other words, all objects resist a change in their state of motion. In a qualitative way, the tendency of undisturbed objects to stay at rest or to keep moving with the same velocity is called inertia. This is why, the first law of motion is also known as the law of inertia. Certain experiences that we come across while travelling in a motorcar can be explained on the basis of the law of inertia. We tend to remain at rest with respect to the seat until the driver applies a braking force to stop the motorcar. With the application of brakes, the car slows down but our body tends to continue in the same state of motion because of its inertia. A sudden application of brakes may thus cause injury to us by impact or collision with the panels in front.', 4, '2015-02-17 07:50:22'),
(1, 'A wave is a disturbance that moves through a medium when the particles of the medium set neighbouring particles into motion. They in turn produce similar motion in others. The particles of the medium do not move forward themselves, but the disturbance is carried forward. This is what happens during propagation of sound in a medium, hence sound can be visualised as a wave. Sound waves are characterised by the motion of particles in the medium and are called mechanical waves. Air is the most common medium through which sound travels. When a vibrating object moves forward, it pushes and compresses the air in front of it creating a region of high pressure. This region is called a compression. This compression starts to move away from the vibrating object. When the vibrating object moves backwards, it creates a region of low pressure called rarefaction. As the object moves back and forth rapidly, a series of compressions and rarefactions is created in the air. These make the sound wave that propagates through the medium.', 5, '2015-02-17 07:53:58'),
(1, 'Different species of microbesseem to have evolved to home in on different parts of the body.  In part, this selection is connected to their point of entry. If they enter from the air via the nose, they are likely to go to the lungs. This is seen in the bacteria causing tuberculosis. If they enter through the mouth, they can stay in the gut lining like typhoid causing bacteria. Or they can go to the liver, like the viruses that cause jaundice. But this needn’t always be the case. An infection like HIV that comes into the body via the sexual organs will spread to lymph nodes all over the body. Malaria causing microbes, entering through a mosquito bite, will go to the liver, and then to the red blood cells. The virus causing Japanese encephalitis, or brain fever, will similarly enter through a mosquito bite. But it goes on to infect the brain.', 6, '2015-02-17 07:56:43'),
(2, 'Monera do not have a defined nucleus or <a href=''javascript:ref(7)''>organelles</a>, nor do any of them show multi-cellular body designs. On the other hand, they show diversity based on many other characteristics. Some of them have cell walls while some do not. Of course, having or not having a cell wall has very different effects on body design here from having or not having a cell wall in multicellular organisms. The mode of nutrition of organisms in this group can be either by synthesising their own food (autotrophic) or getting it from the environment (heterotrophic). This group includes bacteria, blue-green algae or <a href=''javascript:ref(8)''>cyanobacteria</a>, and mycoplasma.  <a href=''javascript:ref(9)''>Protista</a> includes many kinds of unicellular <a href=''javascript:ref(10)''>eukaryotic</a> organisms. Some of these organisms use appendages, such as hair-like <a href=''javascript:ref(11)''>cilia</a> or whip-like <a href=''javascript:ref(12)''>flagella</a> for moving around. Their mode of nutrition can be <a href=''javascript:ref(13)''>autotrophic</a> or heterotrophic. Examples are unicellular algae, diatoms and protozoans.', 1, '2015-02-17 07:32:27'),
(2, 'A few layers of cells form the basic packing of tissue. This tissue is <a href=''javascript:ref(21)''>parenchyma</a>, a type of permanent tissue. It consists of relatively unspecialised cells with thin cell walls. They are live cells. They are usually loosely packed, so that large spaces between cells (intercellular spaces) are found in this tissue. This tissue provides support to plants and also stores food. In some situations, it contains <a href=''javascript:ref(22)''>chlorophyll</a> and performs <a href=''javascript:ref(23)''>photosynthesis</a>, and then it is called chlorenchyma. In aquatic plants, large air cavities are present in parenchyma to give <a href=''javascript:ref(24)''>buoyancy</a> to the plants to help them float. Such a parenchyma type is called aerenchyma. The parenchyma of stems and roots also stores nutrients and water. The flexibility in plants is due to another permanent tissue, <a href=''javascript:ref(25)''>collenchyma</a>. It allows easy bending in various parts of a plant (leaf, stem) without breaking. It also provides mechanical support to plants. We can find this tissue in leaf stalks below the <a href=''javascript:ref(26)''>epidermis</a>. The cells of this tissue are living, elongated and irregularly thickened at the corners. There is very little intercellular space.', 2, '2015-02-17 07:39:49'),
(2, ' The particles of a <a href=''javascript:ref(34)''>colloid</a>  are uniformly spread throughout the solution. Due to the relatively smaller size of particles, as compared to that of a <a href=''javascript:ref(35)''>suspension</a>, the <a href=''javascript:ref(36)''>mixture</a> appears to be <a href=''javascript:ref(37)''>homogeneous</a>. But actually, a colloidal solution is a heterogeneous mixture, for example, milk. Because of the small size of colloidal particles, we cannot see them with naked eyes. But, these particles can easily scatter a beam of visible light. This scattering of a beam of light is called the <a href=''javascript:ref(38)''>Tyndall effect</a> after the name of the scientist who discovered this effect. Tyndall effect can also be observed when a fine beam of light enters a room through a small hole. This happens due to the scattering of light by the particles of dust and smoke in the air.', 3, '2015-02-17 07:48:10'),
(2, 'Monera do not have a defined nucleus or organelles, nor do any of them show multi-cellular body designs. On the other hand, they show diversity based on many other characteristics. Some of them have cell walls while some do not. Of course, having or not having a cell wall has very different effects on body design here from having or not having a cell wall in multicellular organisms. The mode of nutrition of organisms in this group can be either by synthesising their own food (autotrophic) or getting it from the environment (heterotrophic). This group includes bacteria, blue-green algae or cyanobacteria, and mycoplasma.  Protista includes many kinds of unicellular eukaryotic organisms. Some of these organisms use appendages, such as hair-like cilia or whip-like flagella for moving around. Their mode of nutrition can be autotrophic or heterotrophic. Examples are unicellular algae, diatoms and protozoans.', 4, '2015-02-17 07:51:45'),
(2, 'A few layers of cells form the basic packing of tissue. This tissue is parenchyma, a type of permanent tissue. It consists of relatively unspecialised cells with thin cell walls. They are live cells. They are usually loosely packed, so that large spaces between cells (intercellular spaces) are found in this tissue. This tissue provides support to plants and also stores food. In some situations, it contains chlorophyll and performs photosynthesis, and then it is called chlorenchyma. In aquatic plants, large air cavities are present in parenchyma to give buoyancy to the plants to help them float. Such a parenchyma type is called aerenchyma. The parenchyma of stems and roots also stores nutrients and water. The flexibility in plants is due to another permanent tissue, collenchyma. It allows easy bending in various parts of a plant (leaf, stem) without breaking. It also provides mechanical support to plants. We can find this tissue in leaf stalks below the epidermis. The cells of this tissue are living, elongated and irregularly thickened at the corners. There is very little intercellular space.', 5, '2015-02-17 07:54:59'),
(2, ' The particles of a colloid  are uniformly spread throughout the solution. Due to the relatively smaller size of particles, as compared to that of a suspension, the mixture appears to be homogeneous. But actually, a colloidal solution is a heterogeneous mixture, for example, milk. Because of the small size of colloidal particles, we cannot see them with naked eyes. But, these particles can easily scatter a beam of visible light. This scattering of a beam of light is called the Tyndall effect after the name of the scientist who discovered this effect. Tyndall effect can also be observed when a fine beam of light enters a room through a small hole. This happens due to the scattering of light by the particles of dust and smoke in the air.', 6, '2015-02-17 07:57:31'),
(3, 'The fossil fuels like coal and petroleum contain small amounts of nitrogen and sulphur. When these fuels are burnt, nitrogen and sulphur too are burnt and this produces different oxides of nitrogen and sulphur. Not only is the inhalation of these gases dangerous, they also dissolve in rain to give rise to acid rain. The combustion of fossil fuels also increases the amount of suspended particles in air. These suspended particles could be unburnt carbon particles or substances called hydrocarbons.  Presence of high levels of all these pollutants causes visibility to be lowered, especially in cold weather when water also condenses out of air. This is known as smog and is a visible indication of air pollution. Studies have shown that regularly breathing air that contains any of these substances increases the incidence of allergies, cancer and heart diseases. An increase in the content of these harmful substances in air is called air pollution.', 1, '2015-02-17 07:33:23'),
(3, 'We have observed that gases are highly compressible as compared to solids and liquids. The liquefied petroleum gas (LPG) cylinder that we get in our home for cooking or the oxygen supplied to hospitals in cylinders is compressed gas. Compressed natural gas (CNG) is used as fuel these days in vehicles. Due to its high compressibility, large volumes of a gas can be compressed into a small cylinder and transported easily. We come to know of what is being cooked in the kitchen without even entering there, by the smell that reaches our nostrils. How does this smell reach us? The particles of the aroma of food mix with the particles of air spread from the kitchen, reach us and even farther away. The smell of hot cooked food reaches us in seconds; compare this with the rate of diffusion of solids and liquids. Due to high speed of particles and large space between them, gases show the property of diffusing very fast into other gases.', 2, '2015-02-17 07:40:24'),
(3, 'We have learnt that the earth attracts objects towards it. This is due to the gravitational force. Whenever objects fall towards the earth under this force alone, we say that the objects are in free fall. Is there any change in the velocity of falling objects? While falling, there is no change in the direction of motion of the objects. But due to the earth’s attraction, there will be a change in the magnitude of the velocity. Any change in velocity involves acceleration. Whenever an object falls towards the earth, acceleration is involved. This acceleration is due to the earth’s gravitational force. Therefore, this acceleration is called the acceleration due to the gravitational force of the earth (or acceleration due to gravity). It is denoted by g. The unit of g is the same as that of acceleration. ', 3, '2015-02-17 07:48:27'),
(3, 'The fossil fuels like coal and petroleum contain small amounts of nitrogen and sulphur. When these fuels are burnt, nitrogen and sulphur too are burnt and this produces different oxides of nitrogen and sulphur. Not only is the inhalation of these gases dangerous, they also dissolve in rain to give rise to acid rain. The combustion of fossil fuels also increases the amount of suspended particles in air. These suspended particles could be unburnt carbon particles or substances called hydrocarbons.  Presence of high levels of all these pollutants causes visibility to be lowered, especially in cold weather when water also condenses out of air. This is known as smog and is a visible indication of air pollution. Studies have shown that regularly breathing air that contains any of these substances increases the incidence of allergies, cancer and heart diseases. An increase in the content of these harmful substances in air is called air pollution.', 4, '2015-02-17 07:52:04'),
(3, 'We have observed that gases are highly compressible as compared to solids and liquids. The liquefied petroleum gas (LPG) cylinder that we get in our home for cooking or the oxygen supplied to hospitals in cylinders is compressed gas. Compressed natural gas (CNG) is used as fuel these days in vehicles. Due to its high compressibility, large volumes of a gas can be compressed into a small cylinder and transported easily. We come to know of what is being cooked in the kitchen without even entering there, by the smell that reaches our nostrils. How does this smell reach us? The particles of the aroma of food mix with the particles of air spread from the kitchen, reach us and even farther away. The smell of hot cooked food reaches us in seconds; compare this with the rate of diffusion of solids and liquids. Due to high speed of particles and large space between them, gases show the property of diffusing very fast into other gases.', 5, '2015-02-17 07:55:27'),
(3, 'We have learnt that the earth attracts objects towards it. This is due to the gravitational force. Whenever objects fall towards the earth under this force alone, we say that the objects are in free fall. Is there any change in the velocity of falling objects? While falling, there is no change in the direction of motion of the objects. But due to the earth’s attraction, there will be a change in the magnitude of the velocity. Any change in velocity involves acceleration. Whenever an object falls towards the earth, acceleration is involved. This acceleration is due to the earth’s gravitational force. Therefore, this acceleration is called the acceleration due to the gravitational force of the earth (or acceleration due to gravity). It is denoted by g. The unit of g is the same as that of acceleration. ', 6, '2015-02-17 07:57:46');

INSERT INTO `reference` (`id`, `content`, `creation_time`) VALUES
(1, 'In physics, motion is a change in position of an object with respect to time also on its reference point. Motion is typically described in terms of displacement, distance (scalar),velocity, acceleration, time and speed. Motion is observed by attaching a frame of reference to a body and measuring its change in position relative to that frame.', '2015-02-17 07:59:00'),
(2, 'Qualitative descriptions or distinctions are based on some quality or characteristic rather than on some quantity or measured value. Qualitative may also refer to:\r\nQualitative property, a property that can be observed but not measured numerically\r\nQualitative research, a research paradigm focusing on non-quantifiable measurements\r\nQualitative data, data that is not quantified\r\nQualitative observation, descriptive observations we make with our sense.', '2015-02-17 08:09:16'),
(3, 'Velocity is the rate of change of the displacement, the difference between the final and initial position of an object. Velocity is equivalent to a specification of its speed and direction of motion, e.g. 60 km/h to the north. Velocity is a vector physical quantity; both magnitude and direction are required to define it. The scalar absolute value (magnitude) of velocity is called "speed", a quantity that is measured in meters per second. ', '2015-02-17 08:09:16'),
(4, ' When viewed in an inertial reference frame, an object either remains at rest or continues to move at a constant velocity, unless acted upon by an external force. The first law states that if the net force (the vector sum of all forces acting on an object) is zero, then the velocity of the object is constant. Velocity is a vector quantity which expresses both the object''s speed and the direction of its motion; therefore, the statement that the object''s velocity is constant is a statement that both its speed and the direction of its motion are constant.', '2015-02-17 08:09:16'),
(5, 'Inertia is the resistance of any physical object to any change in its state of motion, including changes to its speed and direction. It is the tendency of objects to keep moving in a straight line at constant velocity. The principle of inertia is one of the fundamental principles of classical physics that are used to describe the motion of objects and how they are affected by applied forces.', '2015-02-17 08:09:16'),
(6, 'A collision is an event in which two or more bodies exert forces on each other for a relatively short time. Although the most common colloquial use of the word "collision" refers to accidents in which two or more objects collide, the scientific use of the word "collision" implies nothing about the magnitude of the forces.', '2015-02-17 08:09:16'),
(7, 'In cell biology, an organelle  is a specialized subunit within a cell that has a specific function. Individual organelles are usually separately enclosed within their own lipid bilayers. The name organelle comes from the idea that these structures are to cells what an organ is to the body.', '2015-02-17 08:09:16'),
(8, 'Cyanobacteria  also known as Cyanophyta, is a phylum of bacteria that obtain their energy through photosynthesis. The name "cyanobacteria" comes from the color of the bacteria .They are often called blue-green algae', '2015-02-17 08:09:16'),
(9, 'In some biological taxonomy schemes, protists  are a large and diverse group of eukaryotic microorganisms, which belong to the kingdom Protista.  They are unicellular, or they are multicellular without specialized tissues; this simple cellular organization distinguishes the protists from other eukaryotes, such as fungi, animals and plants, although some fungi and animals are also unicellular.', '2015-02-17 08:09:16'),
(10, 'A eukaryote is any organism whose cells contain a nucleus and other organelles enclosed within membranes. Eukaryotes belong to the taxon Eukarya or Eukaryota. The defining membrane-bound structure that sets eukaryotic cells apart from prokaryotic cells (Bacteria and Archaea) is the nucleus, which contains the genetic material, enclosed by the nuclear envelope.', '2015-02-17 08:09:16'),
(11, 'A cilium (Latin for eyelash; the plural is cilia) is an organelle found in eukaryotic cells. Cilia are slender protuberances that project from the much larger cell body.', '2015-02-17 08:09:16'),
(12, 'A flagellum (plural: flagella) is a lash-like appendage that protrudes from the cell body of certain prokaryotic and eukaryotic cells. The word flagellum in Latin means whip. The primary role of the flagellum is locomotion but it also often has function as a sensory organelle, being sensitive to chemicals and temperatures outside the cell.', '2015-02-17 08:09:16'),
(13, 'An autotroph or "producer", is an organism that produces complex organic compounds (such as carbohydrates, fats, and proteins) from simple substances present in its surroundings, generally using energy from light (photosynthesis) or inorganic chemical reactions (chemosynthesis). They are the producers in a food chain, such as plants on land or algae in water, in contrast to heterotrophs as consumers of autotrophs', '2015-02-17 08:09:16'),
(14, ' In physics, a wave is disturbance or oscillation (of a physical quantity), that travels through matter or space, accompanied by a transfer of energy. Wave motion transfers energy from one point to another, often with no permanent displacement of the particles of the medium—that is, with little or no associated mass transport. They consist, instead, of oscillations or vibrations around almost fixed locations.', '2015-02-17 08:09:16'),
(15, ' Transmission medium, in physics and telecommunications, any material substance which can propagate waves or energy.', '2015-02-17 08:09:16'),
(16, 'Wave propagation is any of the ways in which waves travel. With respect to the direction of the oscillation relative to the propagation direction, we can distinguish between longitudinal wave and transverse waves. For electromagnetic waves, propagation may occur in a vacuum as well as in a material medium. Other wave types cannot propagate through a vacuum and need a transmission medium to exist.', '2015-02-17 08:09:16'),
(17, 'A mechanical wave is a wave that propagates as an oscillation of matter, and therefore transfers energy through a medium.  Mechanical waves transport energy only. This energy propagates in the same direction as the wave. No material is transported as a result of mechanical waves. Mechanical wave can be produced only in media which possess elasticity and inertia.', '2015-02-17 08:09:16'),
(18, 'In mechanics, compression is the application of balanced inward ("pushing") forces to different points on a material or structure, that is, forces with no net sum or torque directed so as to reduce its size in one or more directions. When put under compression (or any other type of stress), every material will suffer some deformation, even if imperceptible, that causes the average relative positions of its atoms and molecules to change.', '2015-02-17 08:09:16'),
(19, 'Rarefaction is the reduction of an item''s density, the opposite of compression. Like compression, which can travel in waves (sound waves, for instance), rarefaction waves also exist in nature. Rarefaction waves expand with time (much like sea waves spread out as they reach a beach); in most cases rarefaction waves keep the same overall profile (''shape'') at all times throughout the wave''s movement: it is a self-similar expansion. Each part of the wave travels at the local speed of sound, in the local medium.', '2015-02-17 08:09:16'),
(20, 'Vibration is a mechanical phenomenon whereby oscillations occur about an equilibrium point. The oscillations may be periodic such as the motion of a pendulum or random such as the movement of a tire on a gravel road. ', '2015-02-17 08:09:16'),
(21, ' In plants, "parenchyma" is one of the three main types of ground tissue, and the commonest. Parenchyma cells make up the bulk of the soft parts of plants, including the insides of leaves, flowers and fruits.', '2015-02-17 08:09:16'),
(22, '1. Chlorophyll (also chlorophyl) is a green pigment found in cyanobacteria and the chloroplasts of algae and plants. Its name is derived from the Greek words chloros ("green") and phyllon ("leaf"). Chlorophyll is an extremely important biomolecule, critical in photosynthesis, which allows plants to absorb energy from light. Chlorophyll absorbs light most strongly in the blue portion of the electromagnetic spectrum, followed by the red portion. Conversely, it is a poor absorber of green and near-green portions of the spectrum, hence the green color of chlorophyll-containing tissues.', '2015-02-17 08:09:16'),
(23, 'Photosynthesis is a process used by plants and other organisms to convert light energy, normally from the Sun, into chemical energy that can be later released to fuel the organisms'' activities. This chemical energy is stored in carbohydrate molecules, such as sugars, which are synthesized from carbon dioxide and water – hence the name photosynthesis', '2015-02-17 08:09:16'),
(24, 'In science, buoyancy is an upward force exerted by a fluid that opposes the weight of an immersed object. In a column of fluid, pressure increases with depth as a result of the weight of the overlying fluid. Thus a column of fluid, or an object submerged in the fluid, experiences greater pressure at the bottom of the column than at the top. This difference in pressure results in a net force that tends to accelerate an object upwards.', '2015-02-17 08:09:16'),
(25, 'Collenchyma cells have thin primary walls with some areas of secondary thickening. Collenchyma provides extra structural support, particularly in regions of new growth.', '2015-02-17 08:09:16'),
(26, 'The epidermis cells is a single-layered group of cells that covers plants'' leaves,flowers, roots and stems. It forms a boundary between the plant and the external environment. The epidermis serves several functions, it protects against water loss, regulates gas exchange, secretes metabolic compounds, and (especially in roots) absorbs water and mineral nutrients.', '2015-02-17 08:09:16'),
(27, 'A microorganism  is a microscopic living organism, which may be a single cell or a multicellular organism. Microorganisms are often referred to as microbes, but this is usually used in reference to pathogens.', '2015-02-17 08:09:16'),
(28, 'Tuberculosis, MTB, or TB (short for tubercle bacillus), in the past also called phthisis, phthisis pulmonalis, or consumption, is a widespread, and in many cases fatal, infectious disease caused by various strains of mycobacteria, usually Mycobacterium tuberculosis.  Tuberculosis typically attacks the lungs, but can also affect other parts of the body.', '2015-02-17 08:09:16'),
(29, 'Typhoid fever — also known simply as typhoid— is a common worldwide bacterial disease transmitted by the ingestion of food or water contaminated with the feces of an infected person, which contain the bacterium Salmonella Typhi. ', '2015-02-17 08:09:16'),
(30, 'Jaundice also known as icterus,  is a yellowish pigmentation of the skin, the conjunctival membranes over the sclerae (whites of the eyes), and other mucous membranes caused by high blood bilirubin levels', '2015-02-17 08:09:16'),
(31, 'A lymph node is an oval-shaped organ of the lymphatic system, distributed widely throughout the body including the armpit and stomach and linked by lymphatic vessels. Lymph nodes are major sites of B, T, and other immune cells. Lymph nodes are important for the proper functioning of the immune system, acting as filters for foreign particles and cancer cells. Lymph nodes do not deal with toxicity, which is primarily dealt with by the liver and kidneys.', '2015-02-17 08:09:16'),
(32, 'Malaria is a mosquito-borne infectious disease of humans and other animals caused by parasitic protozoans  (a type of single cell microorganism) of the Plasmodium type. Commonly, the disease is transmitted by the bite of an infected female Anopheles mosquito.', '2015-02-17 08:09:45'),
(33, 'Encephalitis is an acute inflammation of the brain. Symptoms include headache, fever, confusion, drowsiness, and fatigue.', '2015-02-17 08:09:45'),
(34, 'A colloid is a substance in which microscopically dispersed insoluble particles are suspended throughout another substance. Sometimes the dispersed substance alone is called the colloid.', '2015-02-17 08:12:37'),
(35, 'In chemistry, a suspension is a heterogeneous mixture containing solid particles that are sufficiently large for sedimentation.', '2015-02-17 08:12:37'),
(36, 'In Chemistry, a mixture is a material system made up of two or more different substances which are mixed but are not combined chemically. A mixture refers to the physical combination of two or more substances on which the identities are retained and are mixed in the form of solutions, suspensions, and colloids.', '2015-02-17 08:12:37'),
(37, 'In Chemistry, some mixtures are homogeneous. In other words, mixtures have the same proportions throughout a given sample or multiple samples of different proportion to create a consistent mixture.', '2015-02-17 08:12:37'),
(38, 'The Tyndall effect, also known as Tyndall scattering, is light scattering by particles in a colloid or particles in a fine suspension. Tyndall effect is seen when light-scattering particulate-matter is dispersed in an otherwise-light-transmitting medium.', '2015-02-17 08:12:37');

INSERT INTO `question` (`id`, `content`, `passage_id`, `set_id`, `creation_time`, `res_type`) VALUES
(1, 'Due to inertia objects move with constant ___________ in absence of force?', 1, 1, '2015-02-17 08:24:27', 'mcq'),
(1, 'Sound can travel in vacuum (no medium)', 1, 2, '2015-02-17 12:20:24', 'mcq'),
(1, 'Bacteria causing tuberculosis enter which organ of body?', 1, 3, '2015-02-17 12:26:22', 'mcq'),
(1, 'Some Monera can have cell wall.', 2, 1, '2015-02-17 12:23:42', 'mcq'),
(1, '___________provides mechanical support to plants?', 2, 2, '2015-02-17 12:36:43', 'text'),
(1, 'The size of suspended particles is ________ than colloids.', 2, 3, '2015-02-17 12:35:01', 'text'),
(1, 'What types of compounds are formed by burning of nitrogen and sulphur? ', 3, 1, '2015-02-17 12:30:32', 'mcq'),
(1, 'The fuel generally used for cooking cylinders in homes is __________. ', 3, 2, '2015-02-17 12:33:09', 'mcq'),
(1, 'The force of attraction between earth and objects is _______________.', 3, 3, '2015-02-17 12:39:20', 'text'),
(2, 'When brakes are applied to car, the relative velocity of person inside car ', 1, 1, '2015-02-17 08:21:45', 'mcq'),
(2, 'Waves requiring medium to propagate are called _____________', 1, 2, '2015-02-17 12:21:03', 'text'),
(2, 'Which organ is affected by Jaundice?', 1, 3, '2015-02-17 12:26:41', 'mcq'),
(2, 'Blue green algae are also called  __________.', 2, 1, '2015-02-17 12:24:18', 'text'),
(2, 'The property which helps some plants to float is __________.', 2, 2, '2015-02-17 12:36:59', 'text'),
(2, 'Colloids are homogenous. ', 2, 3, '2015-02-17 12:35:20', 'mcq'),
(2, 'When oxides of nitrogen and sulphur mix with water they generally produce _________?', 3, 1, '2015-02-17 12:31:28', 'text'),
(2, 'Large amount of gas can be filled in small container due to its ___________.', 3, 2, '2015-02-17 12:33:26', 'text'),
(2, 'During free fall what about velocity of object changes?', 3, 3, '2015-02-17 12:39:35', 'mcq'),
(3, 'The quantity which brings about change in state of motion is', 1, 1, '2015-02-17 08:22:22', 'mcq'),
(3, 'High pressure region is called ____________', 1, 2, '2015-02-17 12:21:45', 'text'),
(3, 'Encephalitis causing microbe is transferred through a___________. ', 1, 3, '2015-02-17 12:27:06', 'text'),
(3, 'The mode of nutrition of Monera is always autotrophic.', 2, 1, '2015-02-17 12:24:42', 'mcq'),
(3, 'The permanent tissue which helps photosynthesis is ____________.', 2, 2, '2015-02-17 12:37:21', 'text'),
(3, 'Give an example of colloid.', 2, 3, '2015-02-17 12:35:41', 'text'),
(3, 'Smog is seen more in _____ weather.', 3, 1, '2015-02-17 12:32:03', 'mcq'),
(3, 'The lowest rate of diffusion is shown by __________.', 3, 2, '2015-02-17 12:33:51', 'text'),
(3, 'During free fall force other than gravitation is involved?', 3, 3, '2015-02-17 12:39:52', 'mcq'),
(4, 'Rate the readability (how much you understand) of the passage. Give number (decimal)  in range 1-10 (1- very difficult and 10- very easy)', 1, 1, '2015-02-17 08:22:51', 'text'),
(4, 'Rarefaction is caused by vibrating object moving ______________  ', 1, 2, '2015-02-17 12:22:10', 'mcq'),
(4, 'Rate the readability (how much you understand) of the passage. Give number (decimal)  in range 1-10 (1- very difficult and 10- very easy)', 1, 3, '2015-02-17 12:27:27', 'text'),
(4, 'Rate the readability (how much you understand) of the passage. Give number (decimal)  in range 1-10 (1- very difficult and 10- very easy)', 2, 1, '2015-02-17 12:25:10', 'text'),
(4, 'Below which part are collenchyma found in a leaf stalk?', 2, 2, '2015-02-17 12:37:39', 'text'),
(4, 'Rate the readability (how much you understand) of the passage. Give number (decimal)  in range 1-10 (1- very difficult and 10- very easy)', 2, 3, '2015-02-17 12:36:00', 'text'),
(4, 'Rate the readability (how much you understand) of the passage. Give number (decimal)  in range 1-10 (1- very difficult and 10- very easy)', 3, 1, '2015-02-17 12:32:24', 'text'),
(4, 'Rate the readability (how much you understand) of the passage. Give number (decimal)  in range 1-10 (1- very difficult and 10- very easy)', 3, 2, '2015-02-17 12:34:12', 'text'),
(4, 'Rate the readability (how much you understand) of the passage. Give number (decimal)  in range 1-10 (1- very difficult and 10- very easy)', 3, 3, '2015-02-17 12:40:08', 'text'),
(5, 'How interesting did you find the paragraph? Give number (decimal)  in range 1-10 (1- very uninteresting  and 10- very interesting)', 1, 1, '2015-02-17 08:23:16', 'text'),
(5, 'Rate the readability (how much you understand) of the passage. Give number (decimal)  in range 1-10 (1- very difficult and 10- very easy)', 1, 2, '2015-02-17 12:22:49', 'text'),
(5, 'How interesting did you find the paragraph? Give number (decimal)  in range 1-10 (1- very uninteresting  and 10- very interesting)', 1, 3, '2015-02-17 12:27:52', 'text'),
(5, 'How interesting did you find the paragraph? Give number (decimal)  in range 1-10 (1- very uninteresting  and 10- very interesting)', 2, 1, '2015-02-17 12:25:31', 'text'),
(5, 'Rate the readability (how much you understand) of the passage. Give number (decimal)  in range 1-10 (1- very difficult and 10- very easy)', 2, 2, '2015-02-17 12:38:13', 'text'),
(5, 'How interesting did you find the paragraph? Give number (decimal)  in range 1-10 (1- very uninteresting  and 10- very interesting)', 2, 3, '2015-02-17 12:36:18', 'text'),
(5, 'How interesting did you find the paragraph? Give number (decimal)  in range 1-10 (1- very uninteresting  and 10- very interesting)', 3, 1, '2015-02-17 12:32:43', 'text'),
(5, 'How interesting did you find the paragraph? Give number (decimal)  in range 1-10 (1- very uninteresting  and 10- very interesting)', 3, 2, '2015-02-17 12:34:30', 'text'),
(5, 'How interesting did you find the paragraph? Give number (decimal)  in range 1-10 (1- very uninteresting  and 10- very interesting)', 3, 3, '2015-02-17 12:40:29', 'text'),
(6, 'How interesting did you find the paragraph? Give number (decimal)  in range 1-10 (1- very uninteresting  and 10- very interesting)', 1, 2, '2015-02-17 12:23:12', 'text'),
(6, 'How interesting did you find the paragraph? Give number (decimal)  in range 1-10 (1- very uninteresting  and 10- very interesting)', 2, 2, '2015-02-17 12:38:27', 'text'),
(1, 'Due to inertia objects move with constant ___________ in absence of force?', 1, 4, '2015-02-17 08:24:27', 'mcq'),
(1, 'Sound can travel in vacuum (no medium)', 1, 5, '2015-02-17 12:20:24', 'mcq'),
(1, 'Bacteria causing tuberculosis enter which organ of body?', 1, 6, '2015-02-17 12:26:22', 'mcq'),
(1, 'Some Monera can have cell wall.', 2, 4, '2015-02-17 12:23:42', 'mcq'),
(1, '___________provides mechanical support to plants?', 2, 5, '2015-02-17 12:36:43', 'text'),
(1, 'The size of suspended particles is ________ than colloids.', 2, 6, '2015-02-17 12:35:01', 'text'),
(1, 'What types of compounds are formed by burning of nitrogen and sulphur? ', 3, 4, '2015-02-17 12:30:32', 'mcq'),
(1, 'The fuel generally used for cooking cylinders in homes is __________. ', 3, 5, '2015-02-17 12:33:09', 'mcq'),
(1, 'The force of attraction between earth and objects is _______________.', 3, 6, '2015-02-17 12:39:20', 'text'),
(2, 'When brakes are applied to car, the relative velocity of person inside car ', 1, 4, '2015-02-17 08:21:45', 'mcq'),
(2, 'Waves requiring medium to propagate are called _____________', 1, 5, '2015-02-17 12:21:03', 'text'),
(2, 'Which organ is affected by Jaundice?', 1, 6, '2015-02-17 12:26:41', 'mcq'),
(2, 'Blue green algae are also called  __________.', 2, 4, '2015-02-17 12:24:18', 'text'),
(2, 'The property which helps some plants to float is __________.', 2, 5, '2015-02-17 12:36:59', 'text'),
(2, 'Colloids are homogenous. ', 2, 6, '2015-02-17 12:35:20', 'mcq'),
(2, 'When oxides of nitrogen and sulphur mix with water they generally produce _________?', 3, 4, '2015-02-17 12:31:28', 'text'),
(2, 'Large amount of gas can be filled in small container due to its ___________.', 3, 5, '2015-02-17 12:33:26', 'text'),
(2, 'During free fall what about velocity of object changes?', 3, 6, '2015-02-17 12:39:35', 'mcq'),
(3, 'The quantity which brings about change in state of motion is', 1, 4, '2015-02-17 08:22:22', 'mcq'),
(3, 'High pressure region is called ____________', 1, 5, '2015-02-17 12:21:45', 'text'),
(3, 'Encephalitis causing microbe is transferred through a___________. ', 1, 6, '2015-02-17 12:27:06', 'text'),
(3, 'The mode of nutrition of Monera is always autotrophic.', 2, 4, '2015-02-17 12:24:42', 'mcq'),
(3, 'The permanent tissue which helps photosynthesis is ____________.', 2, 5, '2015-02-17 12:37:21', 'text'),
(3, 'Give an example of colloid.', 2, 6, '2015-02-17 12:35:41', 'text'),
(3, 'Smog is seen more in _____ weather.', 3, 4, '2015-02-17 12:32:03', 'mcq'),
(3, 'The lowest rate of diffusion is shown by __________.', 3, 5, '2015-02-17 12:33:51', 'text'),
(3, 'During free fall force other than gravitation is involved?', 3, 6, '2015-02-17 12:39:52', 'mcq'),
(4, 'Rate the readability (how much you understand) of the passage. Give number (decimal)  in range 1-10 (1- very difficult and 10- very easy)', 1, 4, '2015-02-17 08:22:51', 'text'),
(4, 'Rarefaction is caused by vibrating object moving ______________  ', 1, 5, '2015-02-17 12:22:10', 'mcq'),
(4, 'Rate the readability (how much you understand) of the passage. Give number (decimal)  in range 1-10 (1- very difficult and 10- very easy)', 1, 6, '2015-02-17 12:27:27', 'text'),
(4, 'Rate the readability (how much you understand) of the passage. Give number (decimal)  in range 1-10 (1- very difficult and 10- very easy)', 2, 4, '2015-02-17 12:25:10', 'text'),
(4, 'Below which part are collenchyma found in a leaf stalk?', 2, 5, '2015-02-17 12:37:39', 'text'),
(4, 'Rate the readability (how much you understand) of the passage. Give number (decimal)  in range 1-10 (1- very difficult and 10- very easy)', 2, 6, '2015-02-17 12:36:00', 'text'),
(4, 'Rate the readability (how much you understand) of the passage. Give number (decimal)  in range 1-10 (1- very difficult and 10- very easy)', 3, 4, '2015-02-17 12:32:24', 'text'),
(4, 'Rate the readability (how much you understand) of the passage. Give number (decimal)  in range 1-10 (1- very difficult and 10- very easy)', 3, 5, '2015-02-17 12:34:12', 'text'),
(4, 'Rate the readability (how much you understand) of the passage. Give number (decimal)  in range 1-10 (1- very difficult and 10- very easy)', 3, 6, '2015-02-17 12:40:08', 'text'),
(5, 'How interesting did you find the paragraph? Give number (decimal)  in range 1-10 (1- very uninteresting  and 10- very interesting)', 1, 4, '2015-02-17 08:23:16', 'text'),
(5, 'Rate the readability (how much you understand) of the passage. Give number (decimal)  in range 1-10 (1- very difficult and 10- very easy)', 1, 5, '2015-02-17 12:22:49', 'text'),
(5, 'How interesting did you find the paragraph? Give number (decimal)  in range 1-10 (1- very uninteresting  and 10- very interesting)', 1, 6, '2015-02-17 12:27:52', 'text'),
(5, 'How interesting did you find the paragraph? Give number (decimal)  in range 1-10 (1- very uninteresting  and 10- very interesting)', 2, 4, '2015-02-17 12:25:31', 'text'),
(5, 'Rate the readability (how much you understand) of the passage. Give number (decimal)  in range 1-10 (1- very difficult and 10- very easy)', 2, 5, '2015-02-17 12:38:13', 'text'),
(5, 'How interesting did you find the paragraph? Give number (decimal)  in range 1-10 (1- very uninteresting  and 10- very interesting)', 2, 6, '2015-02-17 12:36:18', 'text'),
(5, 'How interesting did you find the paragraph? Give number (decimal)  in range 1-10 (1- very uninteresting  and 10- very interesting)', 3, 4, '2015-02-17 12:32:43', 'text'),
(5, 'How interesting did you find the paragraph? Give number (decimal)  in range 1-10 (1- very uninteresting  and 10- very interesting)', 3, 5, '2015-02-17 12:34:30', 'text'),
(5, 'How interesting did you find the paragraph? Give number (decimal)  in range 1-10 (1- very uninteresting  and 10- very interesting)', 3, 6, '2015-02-17 12:40:29', 'text'),
(6, 'How interesting did you find the paragraph? Give number (decimal)  in range 1-10 (1- very uninteresting  and 10- very interesting)', 1, 5, '2015-02-17 12:23:12', 'text'),
(6, 'How interesting did you find the paragraph? Give number (decimal)  in range 1-10 (1- very uninteresting  and 10- very interesting)', 2, 5, '2015-02-17 12:38:27', 'text');